name, num_of_words,correct,guesses,accuracy
humans,80,69,80,0.8557
word2vec-google-news-300,3000000,13,79,0.16455696202531644
word2vec-wikiDump-300,302866,11,79,0.13924050632911392
word2vec-gigaword-300,292479,15,80,0.1875
glove-twitter-25,1193514,0,78,0.0
glove-twitter-200,1193514,4,78,0.05128205128205128
